{
	"class_name" : "PinholeCameraParameters",
	"extrinsic" : 
	[
		0.0083266988245886391,
		-0.53937203544523304,
		0.84202640900766945,
		0.0,
		-0.99871441978658559,
		-0.046591428918417679,
		-0.01996863695107572,
		0.0,
		0.050001737940079914,
		-0.84077764369124763,
		-0.53906658222520643,
		0.0,
		0.14051093090075484,
		0.22155218252089254,
		0.41949915988306929,
		1.0
	],
	"intrinsic" : 
	{
		"height" : 1145,
		"intrinsic_matrix" : 
		[
			991.5990873331823,
			0.0,
			0.0,
			0.0,
			991.5990873331823,
			0.0,
			959.5,
			572.0,
			1.0
		],
		"width" : 1920
	},
	"version_major" : 1,
	"version_minor" : 0
}