{
	"class_name" : "PinholeCameraParameters",
	"extrinsic" : 
	[
		-0.038857786083720293,
		-0.46619530202314485,
		0.88382804483237609,
		0.0,
		-0.995668236239862,
		-0.056703922285738562,
		-0.073684656071772159,
		0.0,
		0.084467957259982684,
		-0.88286273314086705,
		-0.46197246522640723,
		0.0,
		0.1420794673295413,
		0.21564960716542414,
		0.37635112427926543,
		1.0
	],
	"intrinsic" : 
	{
		"height" : 1052,
		"intrinsic_matrix" : 
		[
			911.05872478122956,
			0.0,
			0.0,
			0.0,
			911.05872478122956,
			0.0,
			931.0,
			525.5,
			1.0
		],
		"width" : 1863
	},
	"version_major" : 1,
	"version_minor" : 0
}