{
	"class_name" : "PinholeCameraParameters",
	"extrinsic" : 
	[
		-0.022528035599981577,
		-0.8419429276821,
		0.53909608989316582,
		0.0,
		-0.99922431317926863,
		0.036383622390913889,
		0.015066651025842107,
		0.0,
		-0.032299528842153133,
		-0.53833849811044521,
		-0.84210949518976763,
		0.0,
		0.13681858133645741,
		0.12800476325374224,
		0.63861009556905401,
		1.0
	],
	"intrinsic" : 
	{
		"height" : 1016,
		"intrinsic_matrix" : 
		[
			879.88181024498977,
			0.0,
			0.0,
			0.0,
			879.88181024498977,
			0.0,
			923.5,
			507.5,
			1.0
		],
		"width" : 1848
	},
	"version_major" : 1,
	"version_minor" : 0
}