{
	"class_name" : "PinholeCameraParameters",
	"extrinsic" : 
	[
		0.19087817422211462,
		-0.62642120121484246,
		0.75575260586661952,
		0.0,
		-0.98159399134678371,
		-0.12669027376911424,
		0.142908399627864,
		0.0,
		0.0062256531803862036,
		-0.76912031126531877,
		-0.63907369531347236,
		0.0,
		0.076854776070173741,
		0.19952790258277084,
		0.50101970186154277,
		1.0
	],
	"intrinsic" : 
	{
		"height" : 1052,
		"intrinsic_matrix" : 
		[
			911.05872478122956,
			0.0,
			0.0,
			0.0,
			911.05872478122956,
			0.0,
			931.0,
			525.5,
			1.0
		],
		"width" : 1863
	},
	"version_major" : 1,
	"version_minor" : 0
}