{
	"class_name" : "PinholeCameraParameters",
	"extrinsic" : 
	[
		0.022166593626568882,
		-0.80350195006676939,
		0.59488928244329098,
		0.0,
		-0.99899461726474681,
		0.0053904737067835516,
		0.044505027460711437,
		0.0,
		-0.03896661138791465,
		-0.5952777158873962,
		-0.80257463463831691,
		0.0,
		0.20286657049106646,
		0.21396284387360859,
		0.98651489004540005,
		1.0
	],
	"intrinsic" : 
	{
		"height" : 1016,
		"intrinsic_matrix" : 
		[
			879.88181024498977,
			0.0,
			0.0,
			0.0,
			879.88181024498977,
			0.0,
			959.5,
			507.5,
			1.0
		],
		"width" : 1920
	},
	"version_major" : 1,
	"version_minor" : 0
}