{
	"class_name" : "PinholeCameraParameters",
	"extrinsic" : 
	[
		0.033089780880352464,
		-0.89668155060405974,
		0.44143772290957345,
		0.0,
		-0.99915932489542425,
		-0.018983407746508568,
		0.036335570792955921,
		0.0,
		-0.024201443672028596,
		-0.44226895328140414,
		-0.89655588955042897,
		0.0,
		0.14511454280980468,
		0.079188411216160548,
		0.63558633161770317,
		1.0
	],
	"intrinsic" : 
	{
		"height" : 1025,
		"intrinsic_matrix" : 
		[
			887.67603887904966,
			0.0,
			0.0,
			0.0,
			887.67603887904966,
			0.0,
			926.0,
			512.0,
			1.0
		],
		"width" : 1853
	},
	"version_major" : 1,
	"version_minor" : 0
}