{"train_loss": 273.69558280706406, "train_accuracy": 218.87029806023602, "_timestamp": 1683130843.2149725, "_runtime": 462.77348160743713, "_step": 25}