{"train_loss": 0.6715246438980103, "train_accuracy": 0.5, "balanced_train_accuracy": 0.5, "_timestamp": 1683129780.6750588, "_runtime": 110.60815191268921, "_step": 1216, "val_loss": 0.6899369267953767, "_wandb": {"runtime": 110}}